Route,Areas of Business Improvement Areas Weighted Ranks,Elevation Gain Weighted Ranks,Emissions All Weighted Ranks,Number of Condomininiums within the Route Coverage Area Weighted Ranks,Number of High Traffic Intersections Weighted Ranks,Number of Places of Interests Weighted Ranks,Number of Residential Zones Weighted Ranks,Number of Subway Stations Weighted Ranks,Sharp Turns Weighted Ranks,Stopped Delay Weighted Ranks,Vehicle Delay Weighted Ranks,Wide Turns Weighted Ranks,Overall Weighted Score
Baseline,0.5,2.0,0.6000000000000001,1.5,4.0,2.0,0.25,1.25,0.5,0.3,0.3,0.25,1.1208333333333333
Proto 1.1,2.0,1.0,1.6,0.5,1.0,1.25,1.75,1.5,1.75,1.2,1.2,1.25,1.3333333333333333
Proto 1.2,1.75,1.25,1.6,0.25,1.0,2.0,2.0,2.0,2.0,1.2,1.2,1.25,1.4583333333333333
Proto 2.1,1.0,1.0,1.2000000000000002,1.25,2.0,2.0,1.0,1.25,1.75,0.8999999999999999,0.8999999999999999,2.0,1.3541666666666667
Proto 2.2,1.5,1.0,1.2000000000000002,1.75,2.0,0.25,0.75,2.0,0.5,0.8999999999999999,0.8999999999999999,2.0,1.2291666666666667
Proto 2.3,1.25,2.0,0.2,1.0,2.5,1.25,1.5,1.25,1.75,0.44999999999999996,0.44999999999999996,1.25,1.2374999999999998
Proto 2.4,0.25,0.25,0.6000000000000001,2.0,3.0,1.25,1.25,1.25,1.75,0.3,0.3,2.0,1.1833333333333333
Proto 2.5,0.75,1.5,1.2000000000000002,0.75,3.5,1.25,0.5,1.25,1.75,0.8999999999999999,0.8999999999999999,0.5,1.2291666666666667
